,Unnamed: 0,Unnamed: 1,mu,phi,beta,H0,V0,chi,iteration,acceptance_ratio,chain#,tau,S0,bestmodel,HostSpecies,HostClass,VirusName,id,lam
44,fourI,507,0.10482971092958697,9.22268826168374e-09,345.35034973649977,,28982543.90104455,25.966470336543587,509,0.2554027504911591,1,7.858455829343777,1422366.6230300209,fourI,Phaeocystis globosa,Prymnesiophyceae,PgV-03T - Group 2a,Baudoux3,0.12725146284667802
45,fourI,607,0.11624242224398508,1.1560545183362833e-08,483.992683812736,,30828277.77321436,24.15905854187882,609,0.2594417077175698,1,8.866069409210477,1322641.7314372393,fourI,Phaeocystis globosa,Prymnesiophyceae,PgV-03T - Group 2a,Baudoux3,0.11278955237606808
46,fourI,707,0.09642408101503706,8.225224550297233e-09,450.83522683415083,,29321792.35439643,23.85518116767515,709,0.2623413258110014,1,8.437551228639663,1279109.1823396254,fourI,Phaeocystis globosa,Prymnesiophyceae,PgV-03T - Group 2a,Baudoux3,0.11851779893266784
47,fourI,807,0.0762469420803214,1.239541673555919e-08,457.9387815791565,,25412900.728989534,23.486501112076308,809,0.27441285537700866,1,8.603915321244461,1388956.5920573666,fourI,Phaeocystis globosa,Prymnesiophyceae,PgV-03T - Group 2a,Baudoux3,0.11622615549584013
48,fourI,907,0.06815997247550841,8.091478007037535e-09,446.9869747127867,,30035933.931792963,25.674716597105828,909,0.2849284928492849,1,7.961158255091269,1500497.7877604528,fourI,Phaeocystis globosa,Prymnesiophyceae,PgV-03T - Group 2a,Baudoux3,0.12560986328345958
44,fourI,507,0.027371973137060364,6.32256947057376e-10,202.1838178246493,,15656198.423857415,12.488505582972982,509,0.29862475442043224,1,0.2619741198859042,171753.97630441247,fourI,Emiliania huxleyi,Prymnesiophyceae,EhV-99B1,Castberg24,3.8171709496935162
45,fourI,607,0.030284168730988336,6.295516593388372e-10,231.8720085201751,,15535931.196805865,11.948658801968561,609,0.3103448275862069,1,0.2326278875419437,161961.68396517847,fourI,Emiliania huxleyi,Prymnesiophyceae,EhV-99B1,Castberg24,4.298710746017913
46,fourI,707,0.02844683251120308,4.58728508501989e-10,346.9923098252327,,15337329.104505336,8.799547096877323,709,0.3201692524682652,1,0.42591084785216776,156391.74449263775,fourI,Emiliania huxleyi,Prymnesiophyceae,EhV-99B1,Castberg24,2.3479092045739502
47,fourI,807,0.03001360248917662,5.302988226571779e-10,306.39542736691106,,14796586.639464725,10.618843690710149,809,0.32509270704573545,1,0.6307308220178357,156771.32828909234,fourI,Emiliania huxleyi,Prymnesiophyceae,EhV-99B1,Castberg24,1.5854623955125537
48,fourI,907,0.026495914637591732,4.870990276970494e-10,399.1407221945365,,14555317.360307358,11.621047166917286,909,0.33223322332233224,1,0.5504329308745972,163188.09832661515,fourI,Emiliania huxleyi,Prymnesiophyceae,EhV-99B1,Castberg24,1.8167517673971176
99,tenI,19,0.02838547015295885,9.011623511925414e-09,79.34634906698888,,319958.65853758296,100.7881684711107,520,0.17115384615384616,0,2.6395425788644515,674316.9488517772,tenI,Planktothrix agardhii,Cyanophyceae,PaV-LD,Gao41,0.37885352106356496
100,tenI,119,0.027327710772781896,9.337074224489456e-09,66.67894984616163,,261558.03429384614,96.33463786372984,620,0.15161290322580645,0,2.533869330944053,697182.7180771594,tenI,Planktothrix agardhii,Cyanophyceae,PaV-LD,Gao41,0.3946533421387701
101,tenI,219,0.025655774911582663,9.214082292399149e-09,78.19537636266439,,292384.8713552114,98.7431850205253,720,0.14583333333333334,0,2.6875530131231358,740518.5966126827,tenI,Planktothrix agardhii,Cyanophyceae,PaV-LD,Gao41,0.37208568356310334
102,tenI,319,0.026633884838455968,7.790139651909293e-09,79.5103992247345,,281964.53332330764,99.74326131037864,820,0.13902439024390245,0,2.545235012710376,753116.7252048462,tenI,Planktothrix agardhii,Cyanophyceae,PaV-LD,Gao41,0.3928910277464388
103,tenI,419,0.023188460648335886,7.121497657000692e-09,98.09871640592262,,315029.9410955075,101.53441738741276,920,0.1423913043478261,0,2.600379171616541,723940.9759601083,tenI,Planktothrix agardhii,Cyanophyceae,PaV-LD,Gao41,0.38455930231834
94,nineI,517,0.052858858950192364,9.360281299532021e-10,132.90352649580714,,129690274.31659958,8.28539450668028,519,0.3603082851637765,1,1.588097972392814,220122.30769808684,,Haptolina ericina,Prymnesiophyceae,HeV RF02,Johannessen68,0.6296840732648775
95,nineI,617,0.06666683879941378,1.0736280194439686e-09,190.76666790988,,106292630.3831614,10.713428927141551,619,0.3408723747980614,1,1.352829500198138,221741.65510040315,,Haptolina ericina,Prymnesiophyceae,HeV RF02,Johannessen68,0.7391914501077468
96,nineI,717,0.0703738789560414,1.3322244911589126e-09,159.1351390255146,,123161576.58179052,7.329280752388549,719,0.325452016689847,1,2.0858728446997734,201494.30333631855,,Haptolina ericina,Prymnesiophyceae,HeV RF02,Johannessen68,0.4794156089336948
97,nineI,817,0.06465931392579967,1.656247309978443e-09,134.91852986035966,,119150104.27685276,8.607302262954693,819,0.3089133089133089,1,2.4208800958177226,214629.44135417935,,Haptolina ericina,Prymnesiophyceae,HeV RF02,Johannessen68,0.4130729158075964
98,nineI,917,0.0645269787276932,1.6728950733020492e-09,148.29855798297496,,117691909.77509028,9.36987052019341,919,0.3133841131664853,1,2.6201866366822997,205211.63996421432,,Haptolina ericina,Prymnesiophyceae,HeV RF02,Johannessen68,0.38165220217526474
74,sevenI,513,0.007543745006441974,7.740771694829989e-07,9.045326819165082,,12272.16569788767,69.96493123967893,515,0.2446601941747573,1,4.666918404913441,74013.88529334079,sevenI,Heterocapsa pygmaea,Dinophyceae,HpygDNAV,Kim52,0.21427415549994971
75,sevenI,613,0.006938165462967272,9.750304588842615e-07,8.14670162642717,,13939.799369670603,64.27850491773835,615,0.23902439024390246,1,5.016222618513829,77678.29893760652,sevenI,Heterocapsa pygmaea,Dinophyceae,HpygDNAV,Kim52,0.1993531938373726
76,sevenI,713,0.006555016236000921,1.3750996373518844e-06,8.945105016998676,,16541.039700160432,62.296125171266546,715,0.2307692307692308,1,5.688723575393612,76038.5770235745,sevenI,Heterocapsa pygmaea,Dinophyceae,HpygDNAV,Kim52,0.17578635817803967
77,sevenI,813,0.006739637511906075,1.3279576831540505e-06,8.473169419887476,,14567.042530607281,61.165266453130954,815,0.22576687116564415,1,5.35278603660192,76156.66070074428,sevenI,Heterocapsa pygmaea,Dinophyceae,HpygDNAV,Kim52,0.18681860122225707
78,sevenI,913,0.007914820498148605,1.2549557302826214e-06,7.409801371413686,,14712.106814774876,61.1415809906255,915,0.22295081967213115,1,5.118814925863616,80446.81565494418,sevenI,Heterocapsa pygmaea,Dinophyceae,HpygDNAV,Kim52,0.1953577174566994
99,tenI,19,0.07721720109757943,1.4668367044007865e-07,417.14863830042304,,352229.0506060187,91.16649985016231,520,0.25384615384615383,0,1.3113090778237506,990.37608541134,tenI,Stephanopyxis palmeriana,Bacillariophyceae,SpalV,Kim71,0.7625967187381946
100,tenI,119,0.0756410897882557,1.325021823443398e-07,580.9701353706464,,333997.6215554541,77.14147408376917,620,0.2403225806451613,0,1.4559225930567707,926.4981470377323,tenI,Stephanopyxis palmeriana,Bacillariophyceae,SpalV,Kim71,0.6868497025658884
101,tenI,219,0.06827262544944096,1.0917012248206118e-07,595.5841391864158,,310789.9252501448,68.95448809838354,720,0.2222222222222222,0,1.1696348674100372,930.3115486260167,tenI,Stephanopyxis palmeriana,Bacillariophyceae,SpalV,Kim71,0.8549676722739418
102,tenI,319,0.06612556107497845,1.0195123426513623e-07,637.2587000112746,,284221.7451586466,60.291324012854155,820,0.20609756097560972,0,0.9437437885446788,757.6894437801902,tenI,Stephanopyxis palmeriana,Bacillariophyceae,SpalV,Kim71,1.0596096230122716
103,tenI,419,0.047477826523277186,7.565490620830012e-08,1165.7242978823315,,251961.1225671507,43.5341718699744,920,0.20978260869565216,0,1.0690070127724107,870.6508941932749,tenI,Stephanopyxis palmeriana,Bacillariophyceae,SpalV,Kim71,0.935447558390244
39,fourI,7,0.017958372651859983,1.6532695572355755e-08,189.238784852118,,841636.9027766044,50.31771885530569,508,0.2125984251968504,0,19.86614253159868,1830794.8387031315,,Chaetoceros tenuissimus,Bacillariophyceae,CtenRNAV type II,Kimura67,0.05033689848995196
40,fourI,107,0.013261757517995212,1.5616943094509668e-08,194.35918580999,,695215.5479316125,49.23575308645219,608,0.20230263157894735,0,19.27023583387529,2105687.376711565,,Chaetoceros tenuissimus,Bacillariophyceae,CtenRNAV type II,Kimura67,0.05189350086946484
41,fourI,207,0.012314796565045284,1.3622306746084508e-08,250.70201934105512,,762024.9499868291,47.16307890855168,708,0.2132768361581921,0,20.35500736293315,2110318.668329251,,Chaetoceros tenuissimus,Bacillariophyceae,CtenRNAV type II,Kimura67,0.049127960612827815
42,fourI,307,0.009061819652700418,1.1817991642343562e-08,255.9861041028272,,798616.2350738968,44.251233858177926,808,0.2079207920792079,0,20.45781494058017,2104546.018884291,,Chaetoceros tenuissimus,Bacillariophyceae,CtenRNAV type II,Kimura67,0.0488810756625038
43,fourI,407,0.008749242286423679,9.559107115598875e-09,317.61827356083705,,843873.9464648863,42.537265454487994,908,0.20704845814977973,0,20.568718620683025,1855543.74784187,,Chaetoceros tenuissimus,Bacillariophyceae,CtenRNAV type II,Kimura67,0.048617515677152716
104,tenI,519,0.042922982488883966,4.115565730427104e-09,55.689235804373844,,6621978.307749393,24.113521060851436,521,0.22264875239923226,1,1.0653061745007937,893713.9739342466,tenI,Micromonas pusilla,Mamiellophyceae,MpV,Slagter2016a,0.9386972721420709
105,tenI,619,0.03870920531717816,3.763119372414072e-09,53.4532221918922,,7778290.1077764025,27.638969873562,621,0.20128824476650564,1,1.037699681985891,971558.5537836484,tenI,Micromonas pusilla,Mamiellophyceae,MpV,Slagter2016a,0.9636699493694134
106,tenI,719,0.031053660848669725,3.962968728756602e-09,69.89722023542538,,7152533.170063224,26.65393455039976,721,0.1914008321775312,1,1.1965200323409366,1008825.76967165,tenI,Micromonas pusilla,Mamiellophyceae,MpV,Slagter2016a,0.8357570061267974
107,tenI,819,0.027833616510534905,3.563260603476662e-09,74.25105601177573,,6089874.488044234,26.636163558739376,821,0.1814859926918392,1,1.1217628833148268,1006692.2331904956,tenI,Micromonas pusilla,Mamiellophyceae,MpV,Slagter2016a,0.8914539916359012
108,tenI,919,0.030913608192710638,3.6681191750111356e-09,67.90802944545104,,6154188.602801557,25.376229005401306,921,0.1748099891422367,1,1.0940693302852045,1039567.84445504,tenI,Micromonas pusilla,Mamiellophyceae,MpV,Slagter2016a,0.9140188581461448
104,tenI,519,0.09740733552891656,2.8847432239904386e-08,490.02726504848573,,25708335.137804527,26.165095376147537,521,0.2533589251439539,1,4.348825135258877,1355960.753269903,tenI,Phaeocystis globosa,Prymnesiophyceae,PgV-01T - Group 2c,Baudoux32,0.22994716248586805
105,tenI,619,0.11734718964393155,2.895761527563512e-08,576.7916055423152,,25917685.121181365,22.57475492401836,621,0.25120772946859904,1,4.68112843893372,1359627.812817089,tenI,Phaeocystis globosa,Prymnesiophyceae,PgV-01T - Group 2c,Baudoux32,0.2136237048492057
106,tenI,719,0.10148412261206773,2.7258371672081853e-08,502.0394027486928,,28099659.84593553,22.87736394319042,721,0.2538141470180305,1,4.573530388336349,1483007.9231915926,tenI,Phaeocystis globosa,Prymnesiophyceae,PgV-01T - Group 2c,Baudoux32,0.21864947099733964
107,tenI,819,0.07581971342723047,2.7944383323019034e-08,577.6554042691911,,23251290.553371184,27.096324068232757,821,0.25943970767356883,1,4.763903663818604,1403169.5485287549,tenI,Phaeocystis globosa,Prymnesiophyceae,PgV-01T - Group 2c,Baudoux32,0.20991188541340688
108,tenI,919,0.07542317515339059,2.0123291114695816e-08,483.55258784182894,,25892551.231708936,23.084587238640836,921,0.25841476655808904,1,4.383744460849338,1534863.7468692204,tenI,Phaeocystis globosa,Prymnesiophyceae,PgV-01T - Group 2c,Baudoux32,0.22811548641369775
59,sixI,11,0.275223074617338,6.472026639452777e-07,525.1293153844408,,22902385.54413049,25.18747536216276,512,0.333984375,0,7.915856050848862,1727016.0610250612,sixI,Phaeocystis globosa,Prymnesiophyceae,PgV-11T - Group 2b,Baudoux33,0.12632872472368473
60,sixI,111,0.17729679834686102,6.568336131629932e-07,550.3757189833768,,21433485.88866247,23.663163866285085,612,0.3104575163398693,0,7.466389081324144,1817914.4455125032,sixI,Phaeocystis globosa,Prymnesiophyceae,PgV-11T - Group 2b,Baudoux33,0.13393355062373105
61,sixI,211,0.2361407477910395,7.967861231829571e-07,624.8086296541344,,23920121.012979325,24.608327219800344,712,0.3160112359550562,0,7.603242700678566,1635570.9495349047,sixI,Phaeocystis globosa,Prymnesiophyceae,PgV-11T - Group 2b,Baudoux33,0.13152283037219806
62,sixI,311,0.23343874198707285,4.937958297603237e-07,679.1582432740528,,23537367.324287716,23.264734696325316,812,0.30295566502463056,0,8.262184514954134,1638709.7617361357,sixI,Phaeocystis globosa,Prymnesiophyceae,PgV-11T - Group 2b,Baudoux33,0.12103336571460621
63,sixI,411,0.17323284241309062,3.349248822381336e-07,614.906686133958,,24104471.283686165,24.90886141632541,912,0.3059210526315789,0,8.221258039767855,1678965.084195228,sixI,Phaeocystis globosa,Prymnesiophyceae,PgV-11T - Group 2b,Baudoux33,0.12163588530645818
19,twoI,3,0.10612038999153567,7.715952449621686e-09,63.82859801154748,,26598882.73488863,34.220981424726375,504,0.31746031746031744,0,12.04173951051852,1347387.5802814423,twoI,Phaeocystis globosa,Prymnesiophyceae,PgV-09T - Group I,Baudoux34,0.0830444803366237
20,twoI,103,0.07416675491543373,6.9747896854651135e-09,60.90177123833021,,21517380.24995797,38.31506105615523,604,0.3228476821192053,0,12.467908696487687,1473342.7711478388,twoI,Phaeocystis globosa,Prymnesiophyceae,PgV-09T - Group I,Baudoux34,0.08020591298376353
21,twoI,203,0.08398510994479551,1.2591185993133517e-08,77.04916042661644,,22530571.831789024,33.286862244659034,704,0.3579545454545455,0,13.187580865146337,1692209.3415967084,twoI,Phaeocystis globosa,Prymnesiophyceae,PgV-09T - Group I,Baudoux34,0.07582891890679629
22,twoI,303,0.08540693672018831,8.84944778732934e-09,80.32018461488984,,25773759.98871604,34.56277415202261,804,0.3656716417910448,0,13.96622392853865,1562524.2285333157,twoI,Phaeocystis globosa,Prymnesiophyceae,PgV-09T - Group I,Baudoux34,0.07160131508106463
23,twoI,403,0.06520427264515605,6.148315496069916e-09,86.50504564551184,,27958207.52160922,35.14100669908813,904,0.3650442477876106,0,13.335977223515775,1491341.0214220337,twoI,Phaeocystis globosa,Prymnesiophyceae,PgV-09T - Group I,Baudoux34,0.07498513106611089
74,sevenI,513,0.08867848223905589,7.777735300938729e-08,18.93391425193268,,14729031.128687235,55.39473822234006,515,0.2233009708737864,1,6.671596467793106,3821521.890575282,,Chaetoceros cf. wighamii,Bacillariophyceae,CwNIV,Eissler40,0.14988916143646644
75,sevenI,613,0.07955725831605531,1.4525144518628426e-07,22.81831659588893,,14069014.503387624,55.97831019544907,615,0.2211382113821138,1,6.974993860378111,3836488.8631737167,,Chaetoceros cf. wighamii,Bacillariophyceae,CwNIV,Eissler40,0.14336930182556323
76,sevenI,713,0.08960911324504928,1.2995016117564258e-07,21.762686613941067,,15780213.776330208,53.121898659211794,715,0.22097902097902095,1,6.801885656238199,3867531.1540942513,,Chaetoceros cf. wighamii,Bacillariophyceae,CwNIV,Eissler40,0.14701805507166563
77,sevenI,813,0.0629875104945617,1.4421898567064585e-07,21.190936178614823,,14270532.542065522,54.995334395877315,815,0.2245398773006135,1,6.814869076902165,3963018.013404918,,Chaetoceros cf. wighamii,Bacillariophyceae,CwNIV,Eissler40,0.14673796205261364
78,sevenI,913,0.07107542213958545,1.2608992889108625e-07,18.82493158428859,,13329072.870546633,61.6017651992568,915,0.2284153005464481,1,6.420009709939535,4181173.168195274,,Chaetoceros cf. wighamii,Bacillariophyceae,CwNIV,Eissler40,0.15576300429137796
99,tenI,19,0.035732254867249395,2.8084457899783976e-09,516.1636048134025,,18844346.69741473,19.405385493791357,520,0.19038461538461535,0,0.6488410365380951,329984.15443713806,tenI,Prymnesium kappa,Prymnesiophyceae,PkV RF02,Johannessen69,1.541209547003255
100,tenI,119,0.037392154502011166,3.359992088344543e-09,380.05567234677636,,17689687.22723253,18.434365764937763,620,0.17903225806451614,0,0.6948508837871518,409683.8764268002,tenI,Prymnesium kappa,Prymnesiophyceae,PkV RF02,Johannessen69,1.439157700353911
101,tenI,219,0.04615025931606839,2.9273638315658666e-09,359.2068419997513,,21834677.78714956,19.560537599934086,720,0.175,0,0.6472365464423814,402203.0455034407,tenI,Prymnesium kappa,Prymnesiophyceae,PkV RF02,Johannessen69,1.5450301833180282
102,tenI,319,0.06024714228326564,2.881973875366473e-09,396.7371685096347,,20108081.827907257,17.001040164099965,820,0.16951219512195126,0,0.5955256649031703,310821.3465827447,tenI,Prymnesium kappa,Prymnesiophyceae,PkV RF02,Johannessen69,1.6791887553034266
103,tenI,419,0.05772730775682195,2.7559052848969203e-09,488.6036135982196,,19662678.592021827,17.679021053273967,920,0.16956521739130434,0,0.6066657913227628,304149.96596254146,tenI,Prymnesium kappa,Prymnesiophyceae,PkV RF02,Johannessen69,1.6483540267197507
44,fourI,507,0.4169339115244385,3.629911793507701e-07,40.388703672953994,,10124866.733643986,8.338609123409162,509,0.4086444007858546,1,9.19657456750195,242551.44029903266,fourI,Prymnesium kappa,Prymnesiophyceae,PkV RF01,Johannessen70,0.10873613785873193
45,fourI,607,0.3859344514056646,5.847407338757907e-07,50.574878619974605,,10637695.360835647,7.232228997649865,609,0.4170771756978653,1,10.287840561633805,244975.21692198602,fourI,Prymnesium kappa,Prymnesiophyceae,PkV RF01,Johannessen70,0.09720212847478175
46,fourI,707,0.3033276691595961,4.538495558052518e-07,51.831562448680685,,11385688.608532965,8.307483572958814,709,0.4132581100141044,1,10.293936798394828,243344.9257466154,fourI,Prymnesium kappa,Prymnesiophyceae,PkV RF01,Johannessen70,0.09714456379370172
47,fourI,807,0.2770261068535945,5.833794675787136e-07,39.76309965986289,,9987965.52298732,8.05746171913372,809,0.4128553770086527,1,9.678053503254537,245220.3255565698,fourI,Prymnesium kappa,Prymnesiophyceae,PkV RF01,Johannessen70,0.10332656248115593
48,fourI,907,0.24190165801225005,6.637411803392997e-07,48.523969899786884,,10804328.01399477,8.366236507003718,909,0.42904290429042896,1,9.462506618282868,253618.60547205328,fourI,Prymnesium kappa,Prymnesiophyceae,PkV RF01,Johannessen70,0.10568024312583962
59,sixI,11,0.06757415798701545,1.262877773211738e-07,9.47452382706074,,92613.20541806504,309.72441804292805,512,0.25390625,0,0.4434401758039619,48543.65474270912,sixI,Skeletonema costatum,Bacillariophyceae,ScosV,Kim72,2.255095624087261
60,sixI,111,0.0720743610983404,1.7739756446995052e-07,6.036328859896834,,106243.91844470259,277.45652629372364,612,0.2303921568627451,0,0.5982913669653047,65707.00427289322,sixI,Skeletonema costatum,Bacillariophyceae,ScosV,Kim72,1.6714264240051964
61,sixI,211,0.07718947519604483,2.2817704815553818e-07,4.475134029002467,,104007.7838606411,255.45302988286969,712,0.21769662921348315,0,0.6171853955962621,65663.79463389555,sixI,Skeletonema costatum,Bacillariophyceae,ScosV,Kim72,1.6202586890992474
62,sixI,311,0.09180714594359904,2.231305709828842e-07,3.667147727483029,,110641.95148887609,240.48286284332437,812,0.19458128078817732,0,0.4981562405982637,64795.29816567733,sixI,Skeletonema costatum,Bacillariophyceae,ScosV,Kim72,2.0074023338522147
63,sixI,411,0.0931963861361634,2.593036183388061e-07,3.1916813117552323,,107633.65905769817,235.91402366199517,912,0.18311403508771928,0,0.5018499076005878,68383.30151179529,sixI,Skeletonema costatum,Bacillariophyceae,ScosV,Kim72,1.992627645945249
54,fiveI,509,0.058562560502560174,1.6134962447068238e-05,24.119324925289387,,30272.934039767417,13.581217138321493,511,0.13307240704500978,1,2.2017013567650427,869919.2673257581,fiveI,Chaetoceros sp.,Bacillariophyceae,Csp07DNAV,Kimura54,0.4541942061884809
55,fiveI,609,0.03915733990647987,1.9056991540444225e-05,29.657806281488,,29312.705234284545,5.363428723228037,611,0.13747954173486088,1,2.4569083238995773,763806.1184152106,fiveI,Chaetoceros sp.,Bacillariophyceae,Csp07DNAV,Kimura54,0.40701559365178563
56,fiveI,709,0.0296363839169351,1.455612357065705e-05,32.26714884214391,,28657.902539725463,5.129252762282044,711,0.14064697609001406,1,2.5745398743105667,731722.2917221105,fiveI,Chaetoceros sp.,Bacillariophyceae,Csp07DNAV,Kimura54,0.38841892098011843
57,fiveI,809,0.024230641656380128,1.4293395024647262e-05,32.384759849982174,,24402.124277992974,7.443458518570603,811,0.15289765721331688,1,2.392817130189738,950997.0852631471,fiveI,Chaetoceros sp.,Bacillariophyceae,Csp07DNAV,Kimura54,0.4179174360560956
58,fiveI,909,0.03099178021379258,1.226750915469542e-05,28.25658365095502,,27616.2762422843,6.528498327874192,911,0.15367727771679476,1,2.353832037827696,906443.6956049756,fiveI,Chaetoceros sp.,Bacillariophyceae,Csp07DNAV,Kimura54,0.4248391490681212
14,oneI,501,0.08170688622350324,1.671837071455947e-08,336.4210785412269,,271768.54425546515,39.38285973423835,503,0.23658051689860835,1,95.2553954171345,16621.910697996485,oneI,Chaetoceros tenuissimus,Bacillariophyceae,CtenDNAV type II,Kimura66,0.010498093001670754
15,oneI,601,0.08747892201501974,1.741440719226773e-08,332.17585312813026,,272490.4127312174,38.71455195126495,603,0.2404643449419569,1,93.09309383506418,14644.83726042934,oneI,Chaetoceros tenuissimus,Bacillariophyceae,CtenDNAV type II,Kimura66,0.010741935398255534
16,oneI,701,0.08412507480915922,1.4992337126448157e-08,331.011802883829,,283348.0160631621,39.257171689593584,703,0.21621621621621626,1,89.98823836009454,16490.655075683026,oneI,Chaetoceros tenuissimus,Bacillariophyceae,CtenDNAV type II,Kimura66,0.011112563355206783
17,oneI,801,0.08079265035234935,1.6173870351833387e-08,441.7731320780144,,231189.92418325477,42.282828176087506,803,0.21544209215442087,1,107.0366345151338,17891.094579385972,oneI,Chaetoceros tenuissimus,Bacillariophyceae,CtenDNAV type II,Kimura66,0.009342595687260804
18,oneI,901,0.0833464479431593,1.5734205293715215e-08,397.6893439960984,,229548.1803055332,44.24036085702997,903,0.2159468438538206,1,97.48561947195442,16248.77165244673,oneI,Chaetoceros tenuissimus,Bacillariophyceae,CtenDNAV type II,Kimura66,0.010257923224129373
64,sixI,511,0.06326290348423373,2.8327024263903832e-08,323.2087052173623,,171546.28364472202,54.36745101091635,513,0.19298245614035087,1,0.20060907314232293,1827.0602248477405,,Rhizosolenia setigera,Bacillariophyceae,RsRNAV,Nagasaki29,4.984819401914817
65,sixI,611,0.06497436963313973,2.5114936521277284e-08,419.7122703594263,,190461.4582925154,48.45467918491394,613,0.18107667210440456,1,0.20108938519100503,1333.452734619308,,Rhizosolenia setigera,Bacillariophyceae,RsRNAV,Nagasaki29,4.972912911589782
66,sixI,711,0.057060015964661925,2.0596998274236596e-08,656.5070224159573,,196325.17512029305,45.88497718081247,713,0.17952314165497896,1,0.2759274062447336,1462.8117947381015,,Rhizosolenia setigera,Bacillariophyceae,RsRNAV,Nagasaki29,3.624141630618057
67,sixI,811,0.05314462364881548,1.6019614393336524e-08,798.7114004433164,,195036.63561369322,50.702409632715714,813,0.17589175891758918,1,0.303492552033784,1779.7577783798888,,Rhizosolenia setigera,Bacillariophyceae,RsRNAV,Nagasaki29,3.294973775464126
68,sixI,911,0.052441180518253035,1.807838531076496e-08,901.2225729311168,,184740.53628049511,43.38766935651022,913,0.1686746987951807,1,0.32021962942305343,1458.639625442792,,Rhizosolenia setigera,Bacillariophyceae,RsRNAV,Nagasaki29,3.1228566524848005
54,fiveI,509,0.045042879607297664,5.344396649155018e-09,72.2565704030047,,19296.190472104965,100.11261826135868,511,0.13111545988258316,1,0.005569935500211178,179593.96439656746,fiveI,Teleaulax amphioxeia,Cryptophyceae,TampV,Nagasaki42,179.53529263706665
55,fiveI,609,0.046607024653928936,5.912151538510843e-09,66.26354402621949,,20074.558773537072,98.07851898594632,611,0.12438625204582653,1,0.004473317905723374,161657.71693680526,fiveI,Teleaulax amphioxeia,Cryptophyceae,TampV,Nagasaki42,223.54771582868116
56,fiveI,709,0.04615980936874568,6.134077752127379e-09,65.48679717549611,,17946.279529978325,92.83101001563152,711,0.12517580872011252,1,0.005895188316998562,164756.98069870213,fiveI,Teleaulax amphioxeia,Cryptophyceae,TampV,Nagasaki42,169.6298652778464
57,fiveI,809,0.04734286638227317,5.2464743678132056e-09,67.56665714142845,,19651.901540551484,101.38989644538843,811,0.12330456226880394,1,0.00575827993095744,181948.7402741018,fiveI,Teleaulax amphioxeia,Cryptophyceae,TampV,Nagasaki42,173.66297088542692
58,fiveI,909,0.048954375258432284,5.766148330726149e-09,74.91218329472136,,19340.863683725893,91.75959785207895,911,0.1229418221734358,1,0.006622919794137758,138379.56091830804,fiveI,Teleaulax amphioxeia,Cryptophyceae,TampV,Nagasaki42,150.99080633365736
54,fiveI,509,0.38453426677623903,5.3462898996255365e-08,965.4896652729956,,95408523.4110663,11.054335315949436,511,0.3933463796477495,1,5.4616756393346115,416180.3096899656,fiveI,Pyramimonas orientalis,Pyramimonadophyceae,PoV-01B,Sandaa26,0.18309399276626187
55,fiveI,609,0.25823350409285223,7.032164926778012e-08,1048.561666667817,,101217979.84125675,10.791018586747219,611,0.4009819967266776,1,6.106732611318195,391791.9113141431,fiveI,Pyramimonas orientalis,Pyramimonadophyceae,PoV-01B,Sandaa26,0.16375369017248337
56,fiveI,709,0.17843808363968655,5.711924586481072e-08,1421.891285454935,,114205912.631675,11.734260163348287,711,0.4078762306610408,1,6.301581150045342,348105.0173616211,fiveI,Pyramimonas orientalis,Pyramimonadophyceae,PoV-01B,Sandaa26,0.15869033123421805
57,fiveI,809,0.14093095170411396,7.262930001289336e-08,1028.5651390830767,,86079648.12552243,11.439401619311555,811,0.4019728729963009,1,5.788334170877347,403236.6360731072,fiveI,Pyramimonas orientalis,Pyramimonadophyceae,PoV-01B,Sandaa26,0.17276127647074468
58,fiveI,909,0.2159547274045308,5.94680309105559e-08,1286.662291324439,,88269484.12714691,9.818448705396024,911,0.3973655323819978,1,5.778582568023649,392277.8759341781,fiveI,Pyramimonas orientalis,Pyramimonadophyceae,PoV-01B,Sandaa26,0.17305281844263984
29,threeI,5,0.06489504335470325,1.1915135976872275e-07,2.8431827807873526,,2749925.4889736143,12.118182024732723,506,0.5,0,51.452091981311256,115502.69266493268,,Chaetoceros debilis,Bacillariophyceae,CdebDNAV,Tomaru39,0.019435555708079394
30,threeI,105,0.04696944255756138,9.077907135307764e-08,2.8827748237921504,,2643475.6691452656,13.394642597447016,606,0.5132013201320133,0,71.38837195749268,123511.18176015998,,Chaetoceros debilis,Bacillariophyceae,CdebDNAV,Tomaru39,0.0140078835331255
31,threeI,205,0.07940548369153741,1.1732081685513847e-07,3.005074798668283,,2749858.300051695,11.808247190284805,706,0.5325779036827195,0,50.466404876020434,116816.5854311858,,Chaetoceros debilis,Bacillariophyceae,CdebDNAV,Tomaru39,0.01981516223429577
32,threeI,305,0.07253272989745384,8.294047113754268e-08,2.3107415687606667,,2850553.032184627,12.178271257685926,806,0.5297766749379652,0,39.31534954482675,113387.41438572244,,Chaetoceros debilis,Bacillariophyceae,CdebDNAV,Tomaru39,0.025435358239911245
33,threeI,405,0.0384761878079376,6.285383118684117e-08,2.8303950740166077,,2680858.8998937,11.545025443784684,906,0.5286975717439294,0,45.26319037256886,116220.98171621778,,Chaetoceros debilis,Bacillariophyceae,CdebDNAV,Tomaru39,0.02209300740334107
64,sixI,511,0.04433098897584528,4.026697384385674e-09,245.50547667122987,,2138590.113047156,79.42128907426509,513,0.2982456140350877,1,6.935046703883125,73545.39682660745,,Chaetoceros socialis f. radians,Bacillariophyceae,CsfrRNAV,Tomaru43,0.1441951356203661
65,sixI,611,0.047994807384166636,3.6207998624232045e-09,327.79883391928183,,2053826.3787619325,72.5864178026583,613,0.2756933115823817,1,6.988888055748185,58066.68295743838,,Chaetoceros socialis f. radians,Bacillariophyceae,CsfrRNAV,Tomaru43,0.14308427778829927
66,sixI,711,0.04817478529436292,4.064192916579968e-09,347.7171199175305,,1902476.1414113615,69.47529271746572,713,0.25245441795231416,1,7.219917292451554,52750.94898776014,,Chaetoceros socialis f. radians,Bacillariophyceae,CsfrRNAV,Tomaru43,0.1385057417548956
67,sixI,811,0.04905629841240474,4.434040681243318e-09,409.3384198963441,,1942689.0172898527,68.51822804289449,813,0.2324723247232472,1,7.386848013885218,50496.977992194734,,Chaetoceros socialis f. radians,Bacillariophyceae,CsfrRNAV,Tomaru43,0.13537573781405524
68,sixI,911,0.051881324615080285,5.5251199781283016e-09,427.54776180590767,,1859435.5471877183,63.656510259475425,913,0.21248630887185105,1,8.099519035294534,50295.81029086463,,Chaetoceros socialis f. radians,Bacillariophyceae,CsfrRNAV,Tomaru43,0.12346412122033312
44,fourI,507,0.0541850396144372,1.246170784651852e-08,1702.557232431207,,874397.1235141151,48.578966529993394,509,0.2671905697445973,1,10.768463484416657,4745.507524344129,fourI,Chaetoceros lorenzianus,Bacillariophyceae,ClorDNAV,Tomaru51,0.09286375920270593
45,fourI,607,0.052314498201780135,9.385313009785075e-09,2949.2563439542023,,956958.0888618785,25.407796200491198,609,0.2512315270935961,1,11.115997468212957,3847.3847465366207,fourI,Chaetoceros lorenzianus,Bacillariophyceae,ClorDNAV,Tomaru51,0.08996043790578186
46,fourI,707,0.04446825443068585,7.618793565140725e-09,4076.4722944646837,,964912.25220958,19.29430568920528,709,0.2383638928067701,1,11.798400774831448,4130.947501975224,fourI,Chaetoceros lorenzianus,Bacillariophyceae,ClorDNAV,Tomaru51,0.0847572496548191
47,fourI,807,0.03990756813021667,7.360287696402226e-09,4704.884660555693,,706425.7432984705,18.947393786135702,809,0.23980222496909764,1,11.423981955671374,4465.9383769970655,fourI,Chaetoceros lorenzianus,Bacillariophyceae,ClorDNAV,Tomaru51,0.08753515226829953
48,fourI,907,0.04175924582712973,6.74088880298666e-09,5276.304211196106,,804377.1562418417,17.232708773780356,909,0.2321232123212321,1,11.112006396140435,4510.541552896175,fourI,Chaetoceros lorenzianus,Bacillariophyceae,ClorDNAV,Tomaru51,0.08999274877553462
9,oneI,1,0.15548558993089864,1.5478125843335607e-08,75.33470190879173,,4531800.407457929,139.85020325009828,502,0.2151394422310757,0,29.39644934649659,9732.009488103233,oneI,Chaetoceros sp. strain SS08-C03,Bacillariophyceae,Csp03RNAV,Tomaru56,0.034017713779408466
10,oneI,101,0.15014501366765712,1.4487308710896052e-08,77.07431874396944,,4341484.569144127,139.17346357572077,602,0.19767441860465115,0,28.44549883338643,8870.443980124886,oneI,Chaetoceros sp. strain SS08-C03,Bacillariophyceae,Csp03RNAV,Tomaru56,0.035154946863730226
11,oneI,201,0.16301530078257245,1.4737003701514053e-08,85.38276802228678,,4809654.207128065,139.63635411516222,702,0.1809116809116809,0,28.631313429133787,9449.931859932065,oneI,Chaetoceros sp. strain SS08-C03,Bacillariophyceae,Csp03RNAV,Tomaru56,0.034926794485874
12,oneI,301,0.14818798943085215,1.3425215884126863e-08,92.40767560113352,,4665615.1595222335,138.22866561525487,802,0.16708229426433915,0,28.93635632433171,10127.991897713493,oneI,Chaetoceros sp. strain SS08-C03,Bacillariophyceae,Csp03RNAV,Tomaru56,0.03455860125551226
13,oneI,401,0.12663677937056506,1.0359121593723164e-08,99.23347642080923,,5268063.35558526,144.9199387662473,902,0.1696230598669623,0,28.88898964665968,9486.352604234715,oneI,Chaetoceros sp. strain SS08-C03,Bacillariophyceae,Csp03RNAV,Tomaru56,0.03461526388534069
54,fiveI,509,0.11009095203840187,3.224441541604085e-08,695.5703737701991,,3073133.6050562863,68.25867022047113,511,0.1761252446183953,1,11.90851965068404,13681.629821388164,fiveI,Chaetoceros setoensis,Bacillariophyceae,CsetDNAV,Tomaru57,0.0839734937115008
55,fiveI,609,0.10137457283480468,2.5439545136224096e-08,1018.4356257527677,,3216158.340237366,49.05233283536511,611,0.1702127659574468,1,12.163055232008496,10468.007471178991,fiveI,Chaetoceros setoensis,Bacillariophyceae,CsetDNAV,Tomaru57,0.0822161850723479
56,fiveI,709,0.09017129725308592,2.5311737454170855e-08,1702.5881525390002,,3072137.76673342,35.218455394271814,711,0.17158931082981715,1,13.809428338722437,9483.60137298152,fiveI,Chaetoceros setoensis,Bacillariophyceae,CsetDNAV,Tomaru57,0.07241429373263353
57,fiveI,809,0.08018418809764899,2.701635876874264e-08,1979.8820721588145,,2569442.2551898165,31.65909970805777,811,0.16646115906288533,1,13.473481365830605,10198.04542657278,fiveI,Chaetoceros setoensis,Bacillariophyceae,CsetDNAV,Tomaru57,0.07421986737117907
58,fiveI,909,0.07435918645607778,2.327648721419137e-08,2343.322729587402,,2669443.865410045,31.462069667113386,911,0.16136114160263446,1,13.494626284629733,11107.824936422792,fiveI,Chaetoceros setoensis,Bacillariophyceae,CsetDNAV,Tomaru57,0.07410357122219766
104,tenI,519,0.11113862229501027,3.9655671298111073e-07,143.2854264809008,,490970.31120806007,203.5516203542996,521,0.10748560460652593,1,3.2333817413915282,133206.61352813663,tenI,Chaetoceros sp. strain TG07-C28,Bacillariophyceae,Csp05DNAV,Toyoda53,0.3092737202040477
105,tenI,619,0.1052088949883474,2.5969205206620875e-07,166.2665486112192,,510895.14986195427,194.0662719342425,621,0.10628019323671498,1,3.1464290615553177,103373.41020064174,tenI,Chaetoceros sp. strain TG07-C28,Bacillariophyceae,Csp05DNAV,Toyoda53,0.31782060883511165
106,tenI,719,0.1014507409508684,2.813883117284013e-07,197.14476391785885,,486233.8889696513,191.00189137142237,721,0.10124826629680997,1,3.209914884378376,103347.38433651094,tenI,Chaetoceros sp. strain TG07-C28,Bacillariophyceae,Csp05DNAV,Toyoda53,0.3115347403342932
107,tenI,819,0.09569512613566944,2.759569168992778e-07,205.6198688433239,,448116.98750428885,190.2604286156429,821,0.10353227771010963,1,3.1944996542603503,102164.10322338266,tenI,Chaetoceros sp. strain TG07-C28,Bacillariophyceae,Csp05DNAV,Toyoda53,0.31303806800114947
108,tenI,919,0.08725039148516399,2.399990058700514e-07,217.72601315195118,,428877.39868036384,190.56817740125402,921,0.1020629750271444,1,3.1837053653485365,96434.48897673754,tenI,Chaetoceros sp. strain TG07-C28,Bacillariophyceae,Csp05DNAV,Toyoda53,0.31409941726517926
44,fourI,507,0.16700408820044982,1.867676773883144e-09,713.6569267624063,,4503070.3108326765,788.8532990471017,509,0.1787819253438114,1,1.0995896730202963,12946.124375068786,fourI,Cylindrospermopsis raciborskii,Cyanophyceae,CrV,Steenhauer2016,0.9094301488420234
45,fourI,607,0.16547219075421518,1.5215607625105704e-09,1299.3215806770074,,5377628.333422245,658.1033379389397,609,0.17569786535303775,1,1.148088332691511,9469.035959426394,fourI,Cylindrospermopsis raciborskii,Cyanophyceae,CrV,Steenhauer2016,0.8710131193961868
46,fourI,707,0.1536141750185296,1.353357408659724e-09,1784.715730689518,,4639607.954007839,607.790248672581,709,0.1622002820874471,1,1.1879730618373792,9780.22259251127,fourI,Cylindrospermopsis raciborskii,Cyanophyceae,CrV,Steenhauer2016,0.8417699290700662
47,fourI,807,0.14368199474767104,1.1614378517746269e-09,2838.623488948975,,3627959.17758651,523.0352255816541,809,0.1631644004944376,1,1.189757833499265,9006.113457147947,fourI,Cylindrospermopsis raciborskii,Cyanophyceae,CrV,Steenhauer2016,0.840507178724634
48,fourI,907,0.13957969310979454,8.236410644531832e-10,4249.024289821469,,3516527.768100811,456.6093054049863,909,0.1551155115511551,1,1.0392715398450791,7645.6941994857425,fourI,Cylindrospermopsis raciborskii,Cyanophyceae,CrV,Steenhauer2016,0.9622124359809437
54,fiveI,509,0.10365057881569577,4.070803936247173e-09,239.58070094090766,,20758576.241014093,303.4666293492986,511,0.17221135029354204,1,1.7389891422421946,972073.6180201208,fiveI,Phaeocystis globosa,Prymnesiophyceae,PgV,Slagter2016,0.5750467186417468
55,fiveI,609,0.0939670414053179,2.897174653121961e-09,295.6062272287555,,21218477.507149316,284.14022134798745,611,0.15875613747954173,1,1.654176226327866,878529.7537944196,fiveI,Phaeocystis globosa,Prymnesiophyceae,PgV,Slagter2016,0.6045305113711597
56,fiveI,709,0.07469584663353639,2.378449493917848e-09,322.4366613958769,,23514631.57550837,275.09345227736287,711,0.14486638537271448,1,1.6260661991629553,803402.89378665,fiveI,Phaeocystis globosa,Prymnesiophyceae,PgV,Slagter2016,0.6149811124016763
57,fiveI,809,0.06692839650589251,1.9988595616101707e-09,332.8964450898257,,21096570.47864172,268.114915491777,811,0.14303329223181258,1,1.499768128904571,817520.5920558468,fiveI,Phaeocystis globosa,Prymnesiophyceae,PgV,Slagter2016,0.666769736419455
58,fiveI,909,0.06256218681987492,1.405620908449568e-09,377.1718994942328,,24985113.310177814,254.88568656222054,911,0.13830954994511527,1,1.3169115403376748,765642.9491272302,fiveI,Phaeocystis globosa,Prymnesiophyceae,PgV,Slagter2016,0.7593524465155692
9,oneI,1,0.029845714168613563,4.857450901856553e-09,697.7974778066352,,5461576.087678788,179.43897828673204,502,0.2868525896414343,0,12.259999711770508,164934.06106053418,oneI,Phaeocystis globosa,Prymnesiophyceae,PgV,Maat2016a,0.08156607043309519
10,oneI,101,0.019429409737699004,5.241312522215059e-09,600.7276179986785,,4640433.928492636,176.6966679401079,602,0.2707641196013289,0,12.241458406361653,187212.68762665027,oneI,Phaeocystis globosa,Prymnesiophyceae,PgV,Maat2016a,0.08168961301868403
11,oneI,201,0.025599788849367217,4.763827298153498e-09,690.0084319682829,,5035211.7530013835,185.53028403712108,702,0.26495726495726496,0,12.037834992753279,197392.56323264094,oneI,Phaeocystis globosa,Prymnesiophyceae,PgV,Maat2016a,0.08307141613105641
12,oneI,301,0.018253639322759654,4.0597013642319795e-09,694.7693114461317,,5219131.656800534,179.14844303727835,802,0.26184538653366585,0,11.650590633976085,190847.99843299142,oneI,Phaeocystis globosa,Prymnesiophyceae,PgV,Maat2016a,0.08583255831543388
13,oneI,401,0.01652002649017193,3.848099989086742e-09,707.7622236354922,,5905844.730904594,181.83100463639852,902,0.26053215077605324,0,12.203710486869145,186606.69328680035,oneI,Phaeocystis globosa,Prymnesiophyceae,PgV,Maat2016a,0.08194229132819665
24,twoI,503,0.08376820480322081,1.2574391243947856e-08,87.25336912832681,,5241360.741187356,21.627528514508935,505,0.22376237623762374,1,4.387301587183544,770526.781844445,twoI,Micromonas pusilla,Mamiellophyceae,MpV,Maat2016b,0.22793053546199368
25,twoI,603,0.0772130290304182,1.1945415815813457e-08,117.9105779124326,,5302764.8356196815,18.039457190947854,605,0.22644628099173555,1,4.64604063447271,655777.1857986546,twoI,Micromonas pusilla,Mamiellophyceae,MpV,Maat2016b,0.21523703270698843
26,twoI,703,0.0622906987760764,9.84418271894158e-09,110.65483829967144,,5500169.606813204,19.674477257463177,705,0.2297872340425532,1,4.646996364525587,658190.7748558349,twoI,Micromonas pusilla,Mamiellophyceae,MpV,Maat2016b,0.21519276572580023
27,twoI,803,0.05461432188921249,1.1437402008176724e-08,122.18442922011023,,3764577.608328614,18.81913056944297,805,0.22608695652173916,1,4.442094089692732,814540.0274323733,twoI,Micromonas pusilla,Mamiellophyceae,MpV,Maat2016b,0.22511904966631893
28,twoI,903,0.05650391944456162,9.900867487965503e-09,110.49965705013986,,4862799.336862602,19.12424237238612,905,0.23314917127071824,1,4.344414128283232,808711.372902698,twoI,Micromonas pusilla,Mamiellophyceae,MpV,Maat2016b,0.23018063436672573
49,fiveI,9,0.15012813585040558,4.909085664028812e-09,388.2798728887754,,6718473.691656052,899.0742287552121,510,0.12941176470588234,0,8.502111116259057,522941.251123408,,Chaetoceros tenuissimus,Bacillariophyceae,CtenDNAV,Kranzler2021,0.11761784647669975
50,fiveI,109,0.1590272980091735,4.385797142748695e-09,449.8827609459301,,7272860.802925602,880.7258960895758,610,0.1180327868852459,0,8.325928146105216,491848.4222496616,,Chaetoceros tenuissimus,Bacillariophyceae,CtenDNAV,Kranzler2021,0.1201067295383506
51,fiveI,209,0.15724059471000018,4.51000687737749e-09,655.8971945490862,,6643279.928616958,854.0151505848149,710,0.11408450704225352,0,8.478505383493353,475728.31929907674,,Chaetoceros tenuissimus,Bacillariophyceae,CtenDNAV,Kranzler2021,0.11794531639348625
52,fiveI,309,0.14999592069578346,3.7753347787414706e-09,931.6783186814874,,6905734.769162506,834.2380656093263,810,0.10864197530864196,0,8.58186586775007,516778.65323391295,,Chaetoceros tenuissimus,Bacillariophyceae,CtenDNAV,Kranzler2021,0.11652477624451298
53,fiveI,409,0.13476981846648142,2.437957514668372e-09,1147.9770855002334,,7658401.04440997,819.4851681255499,910,0.11098901098901097,0,8.357337370496062,446364.84578184976,,Chaetoceros tenuissimus,Bacillariophyceae,CtenDNAV,Kranzler2021,0.1196553346679893
0,zeroI,99,0.01422389769496461,5.166179525366632e-10,21.31012711751721,3031801.380551064,3639612.213573145,23.33688837138361,600,0.23,0,,,zeroI,Emiliania huxelyi,Prymnesiophyceae,Ehv18,Nissimov2020a,
1,zeroI,199,0.011790146719234236,4.5104415190764486e-10,25.335823607876073,3179954.819120862,3561612.8024712363,25.543738959418874,700,0.21,0,,,zeroI,Emiliania huxelyi,Prymnesiophyceae,Ehv18,Nissimov2020a,
2,zeroI,299,0.01265768096631668,4.792443463073823e-10,24.758882405269212,2903844.5606221887,3219727.399295929,24.91104151319898,800,0.21,0,,,zeroI,Emiliania huxelyi,Prymnesiophyceae,Ehv18,Nissimov2020a,
3,zeroI,399,0.013251598977880936,5.030000570647232e-10,23.11435676400624,2957246.431423258,3450479.872356114,23.420344973721324,900,0.1955555555555556,0,,,zeroI,Emiliania huxelyi,Prymnesiophyceae,Ehv18,Nissimov2020a,
